UID,ParentUID,Episode,Steps,Reward,Epsilon,Loss,Beta,LR,Cause,Stage,Food
20260212-34561849,,1,36,43.88,0.9996,0.0000,0.40,0.000000,SnakeCollision,1,16
20260212-34561849,,2,83,218.09,0.9987,290.4176,0.42,0.000001,SnakeCollision,1,33
20260212-34561849,,3,40,61.90,0.9982,193.2656,0.44,0.000002,Unknown,1,20
20260212-34561849,,4,30,32.55,0.9979,150.9716,0.45,0.000002,SnakeCollision,1,16
20260212-34561849,,5,112,340.72,0.9966,146.7834,0.49,0.000003,SnakeCollision,1,41
20260212-34561849,,6,155,594.00,0.9949,112.8785,0.55,0.000005,Unknown,1,50
20260212-34561849,,7,97,276.37,0.9938,58.4647,0.59,0.000006,SnakeCollision,1,38
20260212-34561849,,8,133,460.22,0.9923,26.5027,0.64,0.000007,Unknown,1,49
