UID,ParentUID,Episode,Steps,Reward,Epsilon,Loss,Beta,LR,Cause,Stage,Food,QMean,QMax,TDError,GradNorm,ActStraight,ActGentle,ActMedium,ActSharp,ActUturn,ActBoost,NumAgents
20260215-367de599,,1,216,162.61,0.9670,4.7906,0.49,0.000015,SnakeCollision,1,48,0.5720,21.0554,3.3343,64.2097,0.079,0.190,0.181,0.269,0.190,0.093,2
20260215-367de599,,2,293,281.87,0.9669,3.3678,0.49,0.000015,SnakeCollision,1,76,0.8438,25.1650,3.3409,41.4882,0.123,0.188,0.215,0.198,0.171,0.106,3
20260215-367de599,,3,177,195.58,0.9476,1.9961,0.55,0.000023,SnakeCollision,1,44,4.2298,12.4127,3.0997,44.6030,0.051,0.158,0.119,0.395,0.215,0.062,4
20260215-367de599,,4,177,111.50,0.9475,7.6354,0.56,0.000023,Wall,1,37,4.3601,31.7355,3.2418,125.0783,0.113,0.175,0.153,0.181,0.271,0.107,4
20260215-367de599,,5,179,187.48,0.9474,5.2236,0.56,0.000024,Wall,1,61,3.7395,10.0349,3.8304,146.5865,0.095,0.235,0.156,0.179,0.251,0.084,4
