UID,ParentUID,Episode,Steps,Reward,Epsilon,Loss,Beta,LR,Cause,Stage,Food,QMean,QMax,TDError,GradNorm,ActStraight,ActGentle,ActMedium,ActSharp,ActUturn,ActBoost,NumAgents
20260216-ca3059a5,20260216-554ba8a8,1,41,21.03,0.9754,0.0000,0.40,0.000002,SnakeCollision,1,11,0.0000,0.0000,0.0000,0.0000,0.000,0.000,0.000,0.024,0.976,0.000,2
20260216-ca3059a5,20260216-554ba8a8,2,2,-9.90,0.9753,0.0000,0.40,0.000002,SnakeCollision,1,1,0.0000,0.0000,0.0000,0.0000,0.000,0.000,0.000,0.000,1.000,0.000,2
20260216-ca3059a5,20260216-554ba8a8,3,38,53.75,0.9711,29.9265,0.41,0.000004,SnakeCollision,1,22,4.8639,10.3785,7.7491,209.4843,0.000,0.000,0.000,0.263,0.737,0.000,2
20260216-ca3059a5,20260216-554ba8a8,4,45,49.68,0.9702,40.5839,0.41,0.000004,SnakeCollision,1,20,3.8554,9.9841,7.7271,248.2602,0.000,0.022,0.000,0.000,0.978,0.000,2
20260216-ca3059a5,20260216-554ba8a8,5,31,49.29,0.9677,38.1014,0.42,0.000006,SnakeCollision,1,21,3.4162,11.5620,8.1997,204.7846,0.000,0.032,0.000,0.258,0.710,0.000,2
20260216-ca3059a5,20260216-554ba8a8,6,24,26.75,0.9676,40.9332,0.42,0.000006,SnakeCollision,1,16,3.4820,11.5747,8.4195,222.7092,0.000,0.000,0.000,0.125,0.875,0.000,2
20260216-ca3059a5,20260216-554ba8a8,7,65,71.35,0.9604,19.9883,0.45,0.000009,SnakeCollision,1,20,3.7208,12.5352,5.7321,157.3344,0.000,0.015,0.000,0.200,0.785,0.000,2
20260216-ca3059a5,20260216-554ba8a8,8,99,72.20,0.9568,10.4744,0.46,0.000010,SnakeCollision,1,30,4.0152,15.2520,4.6194,85.7357,0.000,0.000,0.010,0.081,0.899,0.010,3
20260216-ca3059a5,20260216-554ba8a8,9,33,53.56,0.9568,10.4744,0.46,0.000010,SnakeCollision,1,21,4.0152,15.2520,4.6194,85.7357,0.000,0.000,0.000,0.000,1.000,0.000,3
